Название книги,Имя автора,Издательство,Цена,Старая цена,Скидка
Цифровизация процессов управления  медико-гигиеническими рисками на производственных предприятиях,Шипилов Игорь Викторович,Наш круг,1 461,2 435,40
GPT-3. Руководство по использованию API Open AI,"Кублик Сандра, Сабу Шубхан",ДМК-Пресс,1 340,2 233,40
,,,0,Нету старой цены,Нету скидки
Проектирование информационно-библиотечных систем. Учебник,Рахматуллаев Марат Алимович,ИНФРА-М:Высшее образование,2 146,3 576,40
Docker Compose для разработчика,Гадзурас Эммануил,ДМК-Пресс,2 009,3 349,40
Безопасность ASP. NET Core,Венц Кристиан,ДМК-Пресс,2 931,4 885,40
Разработка интеллектуальных систем для обработки сигналов с датчиков давления. Монография,Пылов Петр Андреевич и др.,Инфра-Инженерия,1 038,1 730,40
Linux. Командная строка. Лучшие практики,Барретт Дэниел Джей,Питер:Бестселлеры O`Reilly,1 701,2 181,22
DAX для профессионалов. Теория и практика. Выведи свои аналитические навыки в Microsoft Power BI,"Розема Мишель, Влотман Хенк",ДМК-Пресс,2 931,4 885,40
Django 4 в примерах. Разрабатывайте мощные и надежные веб-приложения на Python с нуля,Меле Антонио,ДМК-Пресс,4 187,6 979,40
Введение в автоматизированное машинное обучение (AutoML),Хуттер Франк и др.,ДМК-Пресс,2 512,4 187,40
Java. Руководство для начинающих,Шилдт Герберт,Вильямс,3 227,5 378,40
Анализ алгоритмов. Активный обучающий подход,Макконнел Джеффри Дж.,Техносфера:Мир программирования,435,725,40
Технология Java Card для смарт-карт. Архитектура и руководство программиста,Чен Жикун,Техносфера:Мир программирования,274,456,40
Методы анализа логических корреляций для САПР цифровых КМОП СБИС,Гаврилов Сергей Витальевич,Техносфера:Мир цифровой обработки,232,386,40
,,,0,Нету старой цены,Нету скидки
Цифровая обработка сигналов с приложениями для геофизики и экспериментальной механики. Учебник,Гетманов Виктор Григорьевич,Техносфера:Мир цифровой обработки,916,1 527,40
Цифровая обработка изображений,"Гонсалес Рафаэл С., Вудс Ричард Е.",Техносфера:Мир цифровой обработки,1 092,1 820,40
Цифровые видеоинформационные системы. Теория и практика,"Дворкович Виктор Павлович, Дворкович Александр Викторович",Техносфера:Мир цифровой обработки,1 344,2 240,40
Цифровая обработка сигналов атомарными функциями и вейвлетами,"Кравченко Виктор Филиппович, Чуриков Дмитрий Викторович",Техносфера:Мир цифровой обработки,820,1 366,40
JavaScript с нуля до профи,Свекис Лоренс Ларс и др.,Питер:Библиотека программиста,2 268,2 908,22
Python для финансистов,Хилпиш Ив,Питер:Бестселлеры O`Reilly,2 057,2 637,22
Новые возможности JavaScript. Как написать чистый код по всем правилам современного языка,Краудер Ти Джей,Бомбора:Мировой компьютерный бестселлер,2 427,Нету старой цены,Нету скидки
JavaScript. Креативное программирование. Учебное пособие для вузов,Янцев Валерий Викторович,Лань:Компьютеры и программное обеспечение,3 013,Нету старой цены,Нету скидки
JavaScript. Креативное программирование. Учебное пособие,Янцев Валерий Викторович,Лань:Компьютеры и программное обеспечение,2 621,Нету старой цены,Нету скидки
Машинно-ориентированные языки программирования. Введение в ассемблер. Учебное пособие,Бунаков Павел Юрьевич,Лань:Компьютеры и программное обеспечение,1 871,Нету старой цены,Нету скидки
Машинно-ориентированные языки программирования. Введение в ассемблер. Учебное пособие,Бунаков Павел Юрьевич,Лань:Компьютеры и программное обеспечение,1 629,Нету старой цены,Нету скидки
Программирование. Лабораторный практикум. Учебное пособие,Рацеев Сергей Михайлович,Лань:Компьютеры и программное обеспечение,1 352,Нету старой цены,Нету скидки
Программирование. Лабораторный практикум. Учебное пособие,Рацеев Сергей Михайлович,Лань:Компьютеры и программное обеспечение,1 175,Нету старой цены,Нету скидки
Программирование. Основы Python для инженеров. Учебное пособие для вузов,"Никитина Татьяна Павловна, Королев Леонид Владимирович",Лань:Компьютеры и программное обеспечение,1 592,Нету старой цены,Нету скидки
Программирование. Основы Python. Учебное пособие для СПО,"Никитина Татьяна Павловна, Королев Леонид Владимирович",Лань:Компьютеры и программное обеспечение,1 386,Нету старой цены,Нету скидки
C++ для IT-профессий. Учебник,Дирк Харди,Фолиант:Учебная литература,2 189,Нету старой цены,Нету скидки
Java для IT-профессий. Учебник,Дирк Харди,Фолиант:Учебная литература,3 676,Нету старой цены,Нету скидки
Создание микросервисов,Ньюмен Сэм,Питер:Бестселлеры O`Reilly,3 050,3 910,22
Усовершенствованные структуры данных,Брасс Петер,ДМК-Пресс,3 350,5 583,40
Рекурсивная книга о рекурсии,Свейгарт Эл,Питер:Библиотека программиста,2 268,2 908,22
MySQL по максимуму,"Ботрос Сильвия, Тинли Джереми",Питер:Бестселлеры O`Reilly,2 921,3 745,22
Software. Ошибки и компромиссы при разработке ПО,"Лелек Томаш, Скит Джон",Питер:Библиотека программиста,3 262,4 182,22
Python для хакеров. Нетривиальные задачи и проекты,Воган Ли,Питер:Библиотека программиста,1 972,2 528,22
Методы линейного программирования,Божко Аркадий Николаевич и др.,Издательство МГТУ им. Н.Э.Баумана,488,814,40
Освоение Lightning Network. Протокол второслойной блочной цепи для мгновенных Bitcoin-платежей,Антонопулос Андреас М. и др.,ДМК-Пресс,3 350,5 583,40
Паттерны проектирования API,Гивакс Джей Джей,Питер:Библиотека программиста,3 334,4 274,22
PostgreSQL 15 изнутри,Рогов Егор Валерьевич,ДМК-Пресс,2 931,4 885,40
Apache Kafka. Потоковая обработка и анализ данных,Шапира Гвен и др.,Питер:Бестселлеры O`Reilly,3 086,3 956,22
Python и анализ данных,МакКинни Уэс,ДМК-Пресс,3 016,5 026,40
Алгоритмы,Эриксон Джефф,ДМК-Пресс,3 350,5 583,40
Алгоритмы принятия решений,Кохендерфер Майкл и др.,ДМК-Пресс,4 187,6 979,40
Структура и интерпретация классической механики,"Сассман Джеральд Джей, Уиздом Джек",ДМК-Пресс,2 512,4 187,40
Идиомы bash,"Олбинг Карл, Фоссен Джей Пи",Питер:Бестселлеры O`Reilly,1 417,1 817,22
Алгоритмы биоинформатики,"Компо Филлип, Певзнер Павел",ДМК-Пресс,4 020,6 700,40
Предварительная подготовка данных в Python. Том 1. Инструменты и валидация,Груздев Артем Владимирович,ДМК-Пресс,4 020,6 700,40
"Предварительная подготовка данных в Python. Том 2. План, примеры и метрики качества",Груздев Артем Владимирович,ДМК-Пресс,4 020,6 700,40
Прогнозирование. Принципы и практика,"Хайндман Роб, Атанасопулос Джордж",ДМК-Пресс,3 016,5 026,40
Прикладные нейро-нечеткие вычислительные системы и устройства,Бобырь Максим Владимирович и др.,ИНФРА-М:Научная мысль,1 936,3 226,40
"Красивый C++. 30 главных правил чистого, безопасного и быстрого кода","Дэвидсон Дж. Гай, Грегори Кейт",Питер:Для профессионалов,2 823,3 619,22
Глубокое обучение с R и KERAS,Шолле Франсуа,ДМК-Пресс,3 350,5 583,40
Power BI. Передовые методы оптимизации,Мерчант Бхавик,ДМК-Пресс,2 345,3 908,40
"Разработка веб-приложений GraphQL с React, Node.js и Neo4j",Лион Уильям,ДМК-Пресс,2 512,4 187,40
Основы алгоритмизации и программирования на Python. Учебное пособие,Гуриков Сергей Ростиславович,ИНФРА-М:Высшее образование. Бакалавриат,3 210,5 350,40
Unity в действии. Мультиплатформенная разработка на C#,Хокинг Джозеф,Питер:Для профессионалов,2 070,2 654,22
Объекты. Стильное ООП,Нобак Маттиас,Питер:Библиотека программиста,2 114,2 710,22
Kafka Streams и ksqlDB. Данные в реальном времени,Сеймур Митч,Питер:Библиотека программиста,2 397,3 073,22
Алгоритмы на практике. Решение реальных задач,Зингаро Даниэль,Питер:Библиотека программиста,2 057,2 637,22
Современная программная инженерия. ПО в эпоху эджайла и непрерывного развертывания,Фарли Дэвид,Питер:Для профессионалов,2 340,3 000,22
,,,0,Нету старой цены,Нету скидки
Внутри Cpython. Гид по интерпретатору Python,Шоу Энтони,Питер:Библиотека программиста,1 972,2 528,22
"40 алгоритмов, которые должен знать каждый программист на Python",Ахмад Имран,Питер:Библиотека программиста,1 951,2 501,22
Грокаем функциональное мышление,Норманд Эрик,Питер:Библиотека программиста,2 552,3 272,22
Основы Python для Data Science,Берман Кеннеди,Питер:Библиотека программиста,2 114,2 710,22
Фундаментальные основы хакерства. Анализ программ в среде Win64,"Касперски Крис, Язев Юрий Евгеньевич",Солон-пресс:Программирование,3 184,5 307,40
Основы компьютерного моделирования и визуализации + Электронное приложение,Борзяк Андрей Александрович и др.,Лань:Компьютеры и программное обеспечение,6 183,Нету старой цены,Нету скидки
UX/UI дизайн для создания идеального продукта. Полный и исчерпывающий гид,Шуваев Ярослав Александрович,Бомбора:Библиотека цифровой трансформации,1 670,Нету старой цены,Нету скидки
Грокаем алгоритмы искусственного интеллекта,Харбанс Ришал,Питер:Библиотека программиста,1 731,2 219,22
Сделай видеоигру один и не свихнись,Грис Слава,АСТ:Видеоигры: глубокое погружение,669,916,27
Программирование в Unreal Engine 5 для начинающего игродела. Основы визуального языка Blueprint,"Максименкова Ольга Вениаминовна, Веселко Никита И.",Бомбора:Российский компьютерный бестселлер,2 551,Нету старой цены,Нету скидки
C# 10 и .NET 6. Современная кросс-платформенная разработка,Прайс Марк Дж.,Питер:Для профессионалов,4 808,6 164,22
Computer Science для программиста-самоучки. Все что нужно знать о структурах данных и алгоритмах,Альтхофф Кори,Питер:Библиотека программиста,1 412,1 810,22
,,,0,Нету старой цены,Нету скидки
Непрерывное развитие API. Правильные решения в изменчивом технологическом ландшафте,Меджуи Мехди и др.,Питер:Бестселлеры O`Reilly,3 795,4 865,22
Head First. Изучаем Swift,"Мэннинг Джон, Баттфилд-Эддисон Пэрис",Питер:Head First (O'Reilly),2 807,3 599,22
Kubernetes изнутри,"Вьяс Джей, Лав Крис",ДМК-Пресс,2 512,4 187,40
С++ 20 в деталях,Райнер Гримм,ДМК-Пресс,3 016,5 026,40
"Математические алгоритмы для программистов. 3D-графика, машинное обучение и моделирование на Python",Орланд Пол,Питер:Библиотека программиста,3 475,4 455,22
Pandas в действии,Пасхавер Борис,Питер:Библиотека программиста,2 738,3 510,22
JavaScript и PHP. Content management system + Электронное приложение. Учебное пособие,Янцев Валерий Викторович,Лань:Компьютеры и программное обеспечение,3 093,Нету старой цены,Нету скидки
Цифровая обработка изображений в OpenCv. Практикум. Учебное пособие,Матвеев Александр Иванович,Лань:Компьютеры и программное обеспечение,1 237,Нету старой цены,Нету скидки
JavaScript и PHP. Content management system + Электронное приложение. Учебное пособие,Янцев Валерий Викторович,Лань:Компьютеры и программное обеспечение,3 093,Нету старой цены,Нету скидки
Алгоритмы и программы. Язык С++. Учебное пособие,"Конова Елена Александровна, Поллак Галина Андреевна",Лань:Учебники для вузов. Специальная литература,3 064,Нету старой цены,Нету скидки
Java. Полное руководство,Шилдт Герберт,Вильямс,4 086,6 810,40
JavaScript для начинающих,МакГрат Майк,Бомбора:Мировой компьютерный бестселлер (обложка),1 264,Нету старой цены,Нету скидки
Интерактивные дашборды и приложения с Plotly и Dash. Используем полноценный веб-фреймворк в Python,Дабасс Элиас,ДМК-Пресс,2 177,3 628,40
Kotlin. Программирование для профессионалов,Скин Джош и др.,Питер:Для профессионалов,2 859,3 665,22
Тестирование JavaScript,Коста Лукас да,Питер:Библиотека программиста,2 547,3 265,22
Программируем на Java,Лой Марк и др.,Питер:Бестселлеры O`Reilly,2 836,3 636,22
"Web-аппликации в интернет-маркетинге. Проектирование, создание и применение. Практическое пособие","Винарский Яков Самуилович, Гутгарц Римма Давыдовна",ИНФРА-М:Среднее профессиональное образование,1 960,3 266,40
Введение в программную инженерию. Учебник,Антипов Владимир Анатольевич и др.,ИНФРА-М,2 419,4 032,40
Asyncio и конкурентное программирование на Python,Фаулер Мэттью,ДМК-Пресс,2 848,4 746,40
Создай свой собственный язык программирования. Руководство программиста по разработке компиляторов,Джеффери Клинтон Л.,ДМК-Пресс,2 596,4 326,40
Учимся рисовать на компьютере кодом p5.js,"Розанов Андрей Николаевич, Жуков Кирилл Леонидович",ДМК-Пресс,1 676,2 793,40
Основы теории интеллектуального управления энергосберегающими режимами. Учебное пособие,"Поляков Анатолий Евгеньевич, Иванов Максим Сергеевич",Лань,5 771,Нету старой цены,Нету скидки
Система контроля версий. Основы командной разработки. Учебное пособие,"Васильева Марина Алексеевна, Филипченко Константин Михайлович",Лань:Компьютеры и программное обеспечение,5 771,Нету старой цены,Нету скидки
Разработка программного тренажера в среде многоагентного моделирования NetLogo. Учебное пособие,Исхаков Алмаз Раилевич,Лань:Компьютеры и программное обеспечение,4 534,Нету старой цены,Нету скидки
Эффективное тестирование программного обеспечения,Аниче Маурисио,ДМК-Пресс,3 016,5 026,40
Глубокое обучение на Python,Шолле Франсуа,Питер:Библиотека программиста,2 823,3 619,22
Микропроцессорные системы. Применение микроконтроллеров семейства AVR для управления внешними устр.,Сонькин Михаил Аркадьевич и др.,Инфра-Инженерия,820,1 366,40
Основы визуального программирования в среде Visual Studio на базе C#,Мартыненко Татьяна Владимировна и др.,Инфра-Инженерия,1 027,1 712,40
Пять строк кода. Роберт Мартин рекомендует,Клаусен Кристиан,Питер:Библиотека программиста,1 701,2 181,22
Python. Исчерпывающее руководство,Бизли Дэвид,Питер:Для профессионалов,2 240,2 872,22
Практикум по анализу данных на языках Python и R. Учебное пособие,Баюк Олег Александрович и др.,Прометей,565,941,40
Знакомство с Python,Бейдер Дэн и др.,Питер:Библиотека программиста,2 142,2 746,22
Теория и практика программирования на языке Pascal,"Расолько Галина Алексеевна, Кремень Юрий Алексеевич",Вышэйшая школа,12 634,21 056,40
"Искусственный интеллект и компьютерное зрение. Реальные проекты на Python, Keras и TensorFlow",Коул Анирад и др.,Питер:Бестселлеры O`Reilly,3 787,4 855,22
Грокаем стриминг,"Фишер Джош, Ван Нин",Питер:Библиотека программиста,1 702,2 182,22
Высокопроизводительные Python-приложения. Практическое руководство по эффективному программированию,"Горелик Миша, Йен Освальд",Бомбора:Мировой компьютерный бестселлер (обложка),2 053,Нету старой цены,Нету скидки
Проектирование и разработка интерфейсов пользователя. Учебное пособие. ФГОС СПО,"Шитов Виктор Николаевич, Успенский Кирилл Евгеньевич",Кнорус:Среднее профессиональное образование,1 586,2 644,40
"JavaScript. Картинки, галереи, слайдеры. Учебное пособие для вузов",Янцев Валерий Викторович,Лань:Компьютеры и программное обеспечение,4 122,Нету старой цены,Нету скидки
"JavaScript. Картинки, галереи, слайдеры. Учебное пособие для СПО",Янцев Валерий Викторович,Лань:Компьютеры и программное обеспечение,4 122,Нету старой цены,Нету скидки
Entity Framework Core в действии,Смит Джон П.,ДМК-Пресс,3 350,5 583,40
API в разработке приложений Autodesk Inventor. Практическое руководство,Дюймовский Пайни,Инфра-Инженерия,2 228,3 713,40
Python без проблем. Решаем реальные задачи и пишем полезный код,Зингаро Даниэль,Питер:Библиотека программиста,1 618,2 074,22
"Создаем динамические веб-сайты с помощью PHP, MySQL, JavaScript, CSS и HTML5",Никсон Робин,Питер:Бестселлеры O`Reilly,2 823,3 619,22
Кибердзюцу. Кибербезопасность для современных ниндзя,Маккарти Бен,Питер:Библиотека программиста,1 845,2 365,22
Black Hat Go. Программирование для хакеров и пентестеров,Коттманн Дэн и др.,Питер:Библиотека программиста,2 511,3 219,22
Алгоритмы неформально. Инструкция для начинающих питонистов,Брэдфорд Такфилд,Питер:Библиотека программиста,1 417,1 817,22
,,,0,Нету старой цены,Нету скидки
Компьютерные системы. Архитектура и программирование,"Брайант Рэндал Э., О`Халларон Дэвид",ДМК-Пресс,4 187,6 979,40
Социальная инженерия и этичный хакинг на практике,Грей Джо,ДМК-Пресс,1 676,2 793,40
Spring быстро,Спилкэ Лауренциу,Питер,2 836,3 636,22
Kali Linux. Библия пентестера,Хаваджа Гас,Питер:Для профессионалов,4 241,5 437,22
Теория автоматического управления в примерах и задачах с решениями в MATLAB. Учебное пособие,Гайдук Анатолий Романович и др.,Лань:Учебники для вузов. Специальная литература,4 888,Нету старой цены,Нету скидки
Scala. Профессиональное программирование,Одерски Мартин и др.,Питер:Библиотека программиста,5 659,7 255,22
Язык программирования С++,Страуструп Бьерн,Бином,4 575,Нету старой цены,Нету скидки
Интернет вещей для начинающих. Визуальное программирование микроконтроллеров семейства ESP8266,Шамин Алексей Алексеевич,Инфра-Инженерия,820,1 366,40
Моделирование систем управления. Учебник для вузов,"Семенов Анатолий Дмитриевич, Юрков Николай Кондратьевич",Лань:Компьютеры и программное обеспечение,4 943,Нету старой цены,Нету скидки
Исследование операций. Том 2. Задачи транспортного типа. Учебник для вузов,Трушков Александр Сергеевич,Лань:Компьютеры и программное обеспечение,4 122,Нету старой цены,Нету скидки
"Python для сетевых инженеров. Автоматизация сети, программирование и DevOps",Чоу Эрик,Питер:Для профессионалов,3 815,4 891,22
Kafka в действии,Скотт Дилан и др.,ДМК-Пресс,2 512,4 187,40
Python. К вершинам мастерства. Лаконичное и эффективное программирование,Лусиану Рамальо,ДМК-Пресс,4 187,6 979,40
Объяснимые модели искусственного интеллекта на Python. Модель искусственного интеллекта,Мишра Прадипта,ДМК-Пресс,2 177,3 628,40
,,,0,Нету старой цены,Нету скидки
Проектирование гибких программ,"Хансон Крис, Сассман Джеральд Джей",ДМК-Пресс,2 512,4 187,40
Идеальная работа. Программирование без прикрас,Мартин Роберт С.,Питер:Библиотека программиста,1 361,1 745,22
Криптографические основы блокчейн-технологий,Ищукова Евгения Александровна и др.,ДМК-Пресс,1 676,2 793,40
Web-программирование на Python. Учебное пособие,Янцев Валерий Викторович,Лань:Компьютеры и программное обеспечение,3 504,Нету старой цены,Нету скидки
Web-программирование на Python. СПО,Янцев Валерий Викторович,Лань:Компьютеры и программное обеспечение,3 504,Нету старой цены,Нету скидки
Go. Идиомы и паттерны проектирования,Боднер Джон,Питер:Бестселлеры O`Reilly,2 823,3 619,22
Python. Чистый код для продолжающих,Свейгарт Эл,Питер:Библиотека программиста,2 263,2 901,22
Как проектировать программы,Фелляйзен Маттиас и др.,ДМК-Пресс,3 350,5 583,40
Введение в программирование и структуры данных,Фислер Кати и др.,ДМК-Пресс,2 512,4 187,40
Введение в гибридные технологии разработки мобильных приложений. Учебное пособие. СПО,"Заяц Анатолий Моисеевич, Васильев Николай Павлович",Лань:Компьютеры и программное обеспечение,2 318,Нету старой цены,Нету скидки
Программирование в САПР. Учебное пособие,Лянг Виктор Федорович,ИНФРА-М:Высшее образование. Бакалавриат,3 452,5 753,40
Введение в гибридные технологии разработки мобильных приложений. Учебное пособие,"Васильев Николай Павлович, Заяц Анатолий Моисеевич",Лань:Учебники для вузов. Специальная литература,4 052,Нету старой цены,Нету скидки
SQL. Быстрое погружение,Шилдс Уолтер,Питер:Библиотека программиста,1 270,1 628,22
Spring Boot по-быстрому,Хеклер Марк,Питер:Бестселлеры O`Reilly,2 397,3 073,22
Параллельное программирование на современном С++,Гримм Райнер,ДМК-Пресс,3 350,5 583,40
Устройство и программирование автономных роботов. Проекты на Python и Raspberry PI,Стейпл Дэнни,ДМК-Пресс,2 177,3 628,40
Практический хакинг интернета вещей,Чанцис Фотиос и др.,ДМК-Пресс,3 016,5 026,40
Spring в действии,Уоллс Крейг,ДМК-Пресс,3 350,5 583,40
Практическое введение в решение дифференциальных уравнений в Python,Ершов Николай Михайлович,ДМК-Пресс,1 676,2 793,40
Open Source. Разработка программ с открытым исходным кодом,Эгбал Надья,Питер:Библиотека программиста,2 405,3 083,22
"Теоретический минимум по Computer Science. Сети, криптография и data science","Феррейра Фило Владстон, Пиктет Мото",Питер:Библиотека программиста,1 701,2 181,22
Программирование в Roblox. Сделать игру - проще простого,Брамбо Зандер,ДМК-Пресс,1 676,2 793,40
Алгоритмы. Самый краткий и понятный курс,Луридас Панос,Бомбора:Библиотека MIT,832,Нету старой цены,Нету скидки
Масштабируемый рефакторинг. Возвращаем контроль над кодом,Лемер Мод,Питер:Бестселлеры O`Reilly,1 631,2 091,22
Многопоточный JavaScript,"Хантер Томас II, Инглиш Брайан",ДМК-Пресс,2 177,3 628,40
JavaScript. Визуальные редакторы. Учебное пособие для СПО,Янцев Валерий Викторович,Лань:Компьютеры и программное обеспечение,2 968,Нету старой цены,Нету скидки
JavaScript. Визуальные редакторы. Учебное пособие для вузов,Янцев Валерий Викторович,Лань:Компьютеры и программное обеспечение,2 621,Нету старой цены,Нету скидки
Языки программирования и методы трансляции. Учебное пособие для вузов,Свердлов Сергей Залманович,Лань:Компьютеры и программное обеспечение,4 256,Нету старой цены,Нету скидки
Алгоритмы Data Science и их практическая реализация на Python,Протодьяконов Андрей Владимирович и др.,Инфра-Инженерия,1 791,2 985,40
Графический анализ на языке R. Учебно-методическое пособие,Лукьянов Павел Борисович,Прометей,726,1 210,40
Head First. Изучаем C#,"Стиллмен Эндрю, Грин Дженнифер",Питер:Head First (O'Reilly),2 908,3 728,22
Основы алгоритмизации и программирования на Visual C++. Учебное пособие,Гуриков Сергей Ростиславович,ИНФРА-М:Высшее образование. Бакалавриат,3 210,5 350,40
Алгоритмы и программы. Язык С++. Учебное пособие для СП,"Конова Елена Александровна, Поллак Галина Андреевна",Лань:Учебники для вузов. Специальная литература,2 298,Нету старой цены,Нету скидки
Вероятностное программирование. Учебное пособие,Колбин Вячеслав Викторович,Лань:Математика,5 085,Нету старой цены,Нету скидки
Программирование на языке Си. Учебное пособие для вузов,Рацеев Сергей Михайлович,Лань:Компьютеры и программное обеспечение,4 151,Нету старой цены,Нету скидки
Руткиты и буткиты. Обратная разработка вредоносных программ и угрозы следующего поколения,Матросов Александр и др.,ДМК-Пресс,3 184,5 306,40
Профессиональный бенчмарк. Искусство измерения производительности,Акиньшин Андрей,Питер:Библиотека программиста,2 836,3 636,22
Язык программирования C# 9 и платформа .NET 5: основные принципы и практики программирования,"Троелсен Эндрю, Джепикс Филипп",Диалектика,6 451,10 752,40
Этичный хакинг. Практическое руководство по взлому,Грэм Дэниел Г.,Питер:Библиотека программиста,2 255,2 891,22
Основы построения экономических моделей в Excel. Учебник для СПО,"Воскобойников Юрий Евгеньевич, Мухина Ирина Николаевна",Лань:Компьютеры и программное обеспечение,2 404,Нету старой цены,Нету скидки
Программирование на языке Си.Учебное пособие для СПО,Рацеев Сергей Михайлович,Лань:Компьютеры и программное обеспечение,3 932,Нету старой цены,Нету скидки
JavaScript.Как писать программы.Учебное пособие для вузов,Янцев Валерий Викторович,Лань:Компьютеры и программное обеспечение,2 842,Нету старой цены,Нету скидки
JavaScript.Как писать программы Учебное пособие для СПО,Янцев Валерий Викторович,Лань:Компьютеры и программное обеспечение,2 842,Нету старой цены,Нету скидки
Построение распределенных систем на базе WebSocket. Учебное пособие для вузов,"Хабаров Сергей Петрович, Шилкина Мария Львовна",Лань:Компьютеры и программное обеспечение,3 041,Нету старой цены,Нету скидки
Svelte и Sapper в действии,Волкманн Марк,Питер:Для профессионалов,4 197,5 381,22
Хочу в геймдев! Основы игровой разработки для начинающих,"Уточкин Вячеслав Николаевич, Сахнов Константин Сергеевич",Бомбора:Российский компьютерный бестселлер,1 388,Нету старой цены,Нету скидки
Хочу в геймдев! Основы игровой разработки для начинающих,"Уточкин Вячеслав Николаевич, Сахнов Константин Сергеевич",Бомбора:Российский компьютерный бестселлер,1 388,Нету старой цены,Нету скидки
Разработка игр и теория развлечений,Костер Рэф,ДМК-Пресс,1 925,3 209,40
,,,0,Нету старой цены,Нету скидки
Структуры данных в Python. Начальный курс,Шихи Дональд Р.,ДМК-Пресс,1 508,2 513,40
Большая книга проектов Python,Свейгарт Эл,Питер,1 688,2 164,22
System Design. Подготовка к сложному интервью,Сюй Алекс,Питер,1 404,1 800,22
Отзывчивый дизайн на HTML5 и CSS3 для любых устройств,Фрэйн Бен,Питер,2 268,2 908,22
Глубокое обучение с подкреплением. Теория и практика на языке Python,"Грессер Лаура, Кенг Ван Лун",Питер:Библиотека программиста,2 540,3 256,22
Искусство WebAssembly. Создание безопасных межплатформенных высокопроизводительных приложений,Баттальини Рик,ДМК-Пресс,1 676,2 793,40
Микросервисы Spring в действии,"Карнелл Джон, Санчес Иллари Уайлупо",ДМК-Пресс,3 016,5 026,40
Осваиваем архитектуру Transformer. Разработка современных моделей с помощью передовых методов,"Йылдырым Саваш, Асгари-Ченаглу Мейсам",ДМК-Пресс,2 512,4 187,40
Основы юзабилити-тестирования,Барнум Кэрол М.,ДМК-Пресс,3 016,5 026,40
Творческие проекты с микроконтроллером в среде TinyGo и WebAssembly,Тил Тобиас,ДМК-Пресс,1 841,3 069,40
Вычисления в кольцах некоммутативных многочленов. Учебное пособие для вузов,Цирулик Владимир Григорьевич,Лань:Компьютеры и программное обеспечение,4 170,Нету старой цены,Нету скидки
Практический анализ двоичных файлов,Эндриесс Дэннис,ДМК-Пресс,2 848,4 746,40
,,,0,Нету старой цены,Нету скидки
Изучаем C# через разработку игр на Unity,Ферроне Харрисон,Питер:Библиотека программиста,1 830,2 346,22
Основы алгоритмизации и программирования на языке Паскаль. Лабораторный практикум. Учебное пособие,Коренская Ирина Николаевна,Лань:Компьютеры и программное обеспечение,1 647,Нету старой цены,Нету скидки
Исследование операций. Том 1. Линейное программирование. Учебник для вузов,Трушков Александр Сергеевич,Лань:Компьютеры и программное обеспечение,3 059,Нету старой цены,Нету скидки
Как программировать на С,"Дейтел Харви, Дейтел Пол Дж.",Бином,2 889,Нету старой цены,Нету скидки
Игра в цифры. Как аналитика позволяет видеоиграм жить лучше,Сабиров Василий Константинович,Бомбора:Российский компьютерный бестселлер,1 928,Нету старой цены,Нету скидки
Apache Airflow и конвейеры обработки данных,"Харенслак Бас, Руйтер Джулиан де",ДМК-Пресс,3 184,5 306,40
Python для всех,Северанс Чарльз Р.,ДМК-Пресс,1 172,1 953,40
Использование языка Python в теории вероятности. Учебник,Криволапов Сергей Яковлевич,Прометей,1 774,2 957,40
Экономика на Python. Учебник,"Хрипунова Марина Борисовна, Губернаторов Алексей Михайлович",Прометей,1 291,2 151,40
Black Hat Python. Программирование для хакеров и пентестеров,"Зейтц Джастин, Арнольд Тим",Питер:Библиотека программиста,1 688,2 164,22
Однострочники Python. Лаконичный и содержательный код,Майер Кристиан,Питер:Библиотека программиста,1 688,2 164,22
Гид Java-разработчика. Проектно-ориентированный подход,"Урма Рауль-Габриэль, Уорбэртон Ричард",Бомбора:Мировой компьютерный бестселлер,1 122,Нету старой цены,Нету скидки
"PHP 8. Объекты, шаблоны и методики программирования",Зандстра Мэтт,Диалектика,4 840,8 066,40
Python и DevOps. Ключ к автоматизации Linux,Гифт Ной и др.,Питер:Бестселлеры O`Reilly,2 561,3 283,22
Прикладное программирование на С/С++: с нуля,Иванов Всеволод Борисович,Солон-пресс:Программирование,838,1 397,40
Введение в логическое программирование,"Дженесерет Майкл, Чаудри Винай К.",ДМК-Пресс,1 508,2 513,40
Параллельное программирование на C# и .NET Core,Шакти Танвар,ДМК-Пресс,1 758,2 930,40
Разработка игр на языке JavaScript. Учебное пособие,Беляев Сергей Алексеевич,Лань:Компьютеры и программное обеспечение,717,Нету старой цены,Нету скидки
Параллельные и высокопроизводительные вычисления,"Роби Роберт, Замора Джулиана",ДМК-Пресс,4 187,6 979,40
Исследование операций в экономике. Практикум. Учебное пособие для вузов,Слабнов Виктор Дмитриевич,Лань:Компьютеры и программное обеспечение,3 932,Нету старой цены,Нету скидки
"Паттерны разработки на Python. TDD, DDD и событийно-ориентированная архитектура","Персиваль Гарри, Грегори Боб",Питер:Для профессионалов,2 127,2 727,22
WebAssembly в действии,Галлан Жерар,Питер:Библиотека программиста,2 823,3 619,22
Тестирование программного обеспечения,Игнатьев Александр Владимирович,Лань:Компьютеры и программное обеспечение,742,Нету старой цены,Нету скидки
Разработка моделей предметной области автоматизации. Учебник для вузов,Котлинский Сергей Владимирович,Лань:Компьютеры и программное обеспечение,4 589,Нету старой цены,Нету скидки
Разработка моделей предметной области автоматизации. Учебник для СПО,Котлинский Сергей Владимирович,Лань:Компьютеры и программное обеспечение,4 151,Нету старой цены,Нету скидки
Проектирование человеко-машинного взаимодействия. Учебник для вузов,Игнатьев Александр Владимирович,Лань:Компьютеры и программное обеспечение,742,Нету старой цены,Нету скидки
Программные коллекции данных. Проектирование и реализация. Учебник,Романенко Татьяна Александровна,Лань:Компьютеры и программное обеспечение,2 404,Нету старой цены,Нету скидки
Программные коллекции данных. Проектирование и реализация. Учебное пособие для СПО,Романенко Татьяна Александровна,Лань:Компьютеры и программное обеспечение,2 404,Нету старой цены,Нету скидки
C# 9 и .NET 5. Разработка и оптимизация,Прайс Марк Дж.,Питер:Для профессионалов,3 545,4 545,22
Clojure на производстве,Гришаев Иван,ДМК-Пресс,1 676,2 793,40
Алгоритмы ГИС,Сяо Нинчуань,ДМК-Пресс,2 009,3 349,40
Изучаем SHINY,Уикем Хэдли,ДМК-Пресс,2 680,4 466,40
Программирование. Учебник,Иванова Галина Сергеевна,Кнорус:Бакалавриат,1 342,2 237,40
Анализ поведенческих данных на R и PYTHON,Бюиссон Флоран,ДМК-Пресс,2 512,4 187,40
Оптимизация запросов PostgreSQL,Домбровская Генриэтта и др.,ДМК-Пресс,1 758,2 930,40
Разработка беспилотных транспортных средств,Лю Шаошань и др.,ДМК-Пресс,1 841,3 069,40
Сети 6G. Путь от 5G к 6G глазами разработчиков,Тонг Вэнь и др.,ДМК-Пресс,3 350,5 583,40
Корпоративные информационные системы на базе решения Oracle E-Business Suite. Калькуляция затрат,"Васильева Елена Викторовна, Громова Алла Александровна",Прометей,646,1 076,40
Проектирование цифровых образовательных ресурсов,Коннова Лариса Петровна и др.,Прометей,1 210,2 016,40
Классические задачи Computer Science на языке Java,Копец Дэвид,Питер:Библиотека программиста,1 545,1 981,22
Информационное моделирование: методолгия использования цифровых моделей. Часть 1,Бачурина Светлана Самуиловна,ДМК-Пресс,837,1 395,40
Head First. Паттерны проектирования,Фримен Эрик и др.,Питер:Head First (O'Reilly),2 127,2 727,22
Web-программирование на JavaScript. Учебное пособие для СПО,Диков Андрей Валентинович,Лань:Компьютеры и программное обеспечение,1 901,Нету старой цены,Нету скидки
Автоматизация рутинных задач с помощью Python,Свейгарт Эл,Диалектика,3 227,5 378,40
Алгоритмы. Теория и практическое применение,Стивенс Род,Эксмо:Мировой компьютерный бестселлер,1 737,Нету старой цены,Нету скидки
Апокалипсис криптографии. Подготовка криптографии к квантовым вычислениям,Граймс Роджер А.,ДМК-Пресс,2 009,3 349,40
,,,0,Нету старой цены,Нету скидки
Паттерны программирования игр,Нистрем Роберт,Бомбора:Мировой компьютерный бестселлер,2 053,Нету старой цены,Нету скидки
React. Современные шаблоны для разработки приложений,"Бэнкс Алекс, Порселло Ева",Питер:Бестселлеры O`Reilly,1 945,2 493,22
Как программировать на С++,"Дейтел Харви, Дейтел Пол Дж.",Бином,2 889,Нету старой цены,Нету скидки
JavaScript. Обработка событий на примерах. Учебное пособие,Янцев Валерий Викторович,Лань:Компьютеры и программное обеспечение,2 621,Нету старой цены,Нету скидки
ASP.NET CORE в действии,Лок Эндрю,ДМК-Пресс,3 434,5 723,40
Анализируем данные в Microsoft Power BI. Подготовка к экзамену DA-100,Маслюк Даниил,ДМК-Пресс,2 009,3 349,40
Программирование на PHP в примерах и задачах,Васильев Алексей,Эксмо-Пресс:Российский компьютерный бестселлер,1 322,Нету старой цены,Нету скидки
Статистический анализ экспериментальных данных в пакетах MathCAD и Excel. Учебное пособие для вузов,Воскобойников Юрий Евгеньевич,Лань:Компьютеры и программное обеспечение,3 157,Нету старой цены,Нету скидки
Инженерные расчеты. Книга-билингва. Учебное пособие,Очков Валерий Федорович и др.,Лань:Компьютеры и программное обеспечение,3 932,Нету старой цены,Нету скидки
Системы искусственного интеллекта. Моделирование нейронных сетей в системе MATLAB. Лабораторный пр.,"Романов Петр Сергеевич, Романова Ирина Петровна",Лань:Компьютеры и программное обеспечение,1 529,Нету старой цены,Нету скидки
JavaScript. Обработка событий на примерах. Учебное пособие для СПО,Янцев Валерий Викторович,Лань:Компьютеры и программное обеспечение,2 621,Нету старой цены,Нету скидки
Компьютерное моделирование автоматизации технологических процессов и производств. Практикум. СПО,Алексеев Владимир Анатольевич,Лань:Компьютеры и программное обеспечение,2 404,Нету старой цены,Нету скидки
Ghidra. Полное руководство,"Игл Крис, Нэнс Кара",ДМК-Пресс,3 518,5 863,40
Изучаем WinUI 3.0,Эшкрафт Элвин,ДМК-Пресс,1 676,2 793,40
Осваиваем Ethereum. Создание смарт-контрактов и децентрализованных приложений,"Антонопулос Андреас М., Вуд Гэвин",Бомбора:Мировой компьютерный бестселлер,2 846,Нету старой цены,Нету скидки
SQL за 10 минут,Форта Бен,Вильямс,1 613,2 688,40
,,,0,Нету старой цены,Нету скидки
Облачные архитектуры. Разработка устойчивых и экономичных облачных приложений,Лащевски Том и др.,Питер:Библиотека программиста,1 560,2 000,22
Программируем на C# 8.0. Разработка приложений,Гриффитс Иэн,Питер:Бестселлеры O`Reilly,4 099,5 255,22
C# 9.0. Справочник. Полное описание языка,Албахари Джозеф,Диалектика,5 699,9 498,40
Изучаем квантовые вычисления на Python и Q#,"Кайзер Сара, Гранад Кристофер",ДМК-Пресс,2 345,3 908,40
"Системы автоматического управления: теория, применение, моделирование в MATLAB. Учебное пособие",Ощепков Александр Юрьевич,Лань:Учебники для вузов. Специальная литература,2 780,Нету старой цены,Нету скидки
Коды с суммированием для систем технического диагностирования. В 2-х томах,Сапожников Валерий Владимирович и др.,Наука,1 274,2 123,40
Основы тестирования программного обеспечения. Учебное пособие для СПО,Старолетов Сергей Михайлович,Лань:Компьютеры и программное обеспечение,2 864,Нету старой цены,Нету скидки
"Гид по Computer Science, расширенное издание",Спрингер Вильям,Питер:Библиотека программиста,1 185,1 519,22
"Computer Science. Основы программирования на Java, ООП, алгоритмы и структуры данных","Седжвик Роберт, Уэйн Кевин",Питер,2 681,3 437,22
Разработка конвейеров машинного обучения. Автоматизация жизненных циклов модели с помощью TensorFlow,"Ханнес Хапке, Нельсон Кэтрин",ДМК-Пресс,1 758,2 930,40
Технология программирования. Проектирование. Комплексное тестирование. Программная документация,Иванова Галина Сергеевна,Кнорус:Бакалавриат,1 219,2 032,40
"Безопасность веб-приложений. Разведка, защита, нападение",Хоффман Эндрю,Питер:Бестселлеры O`Reilly,2 521,3 232,22
Распределенные данные. Алгоритмы работы современных систем хранения информации,Петров Алекс,Питер:Бестселлеры O`Reilly,2 731,3 501,22
Безопасно by Design,Берг Джонсон Дэн и др.,Питер:Библиотека программиста,2 213,2 837,22
Пакет прикладных программ. Учебное пособие,Шитов Виктор Николаевич,ИНФРА-М:Среднее профессиональное образование,2 428,4 046,40
Программирование в САПР. Пространственное моделирование колонного аппарата в среде Autodesk Inventor,Лянг Виктор Федорович,ИНФРА-М:Высшее образование. Бакалавриат,1 597,2 662,40
Искусство тестирования на проникновение в сеть,Дэвис Ройс,ДМК-Пресс,1 841,3 069,40
Построение пользовательских интерфейсов,Малышев Кирилл Викторович,ДМК-Пресс,1 841,3 069,40
Data Science для карьериста,"Нолис Жаклин, Робинсон Эмили",Питер:Библиотека программиста,2 459,3 152,22
"Экстремальный Cи. Параллелизм, ООП и продвинутые возможности",Амини Камран,Питер:Для профессионалов,3 105,3 981,22
Программная инженерия. Учебное пособие,Маран Михкель Михкелевич,Лань:Учебники для вузов. Специальная литература,2 966,Нету старой цены,Нету скидки
Системы искусственного интеллекта. Учебное пособие,Бураков Михаил Владимирович,Проспект,775,1 193,35
Алгоритмы обработки текста. 125 задач с решениями,Крошемор Максим и др.,ДМК-Пресс,1 676,2 793,40
Аналитика в Power BI с помощью R и Python,Уэйд Райан,ДМК-Пресс,2 512,4 187,40
Программирование. Введение в профессию. Том 2. Системы и сети,Столяров Андрей Викторович,ДМК-Пресс,2 848,4 746,40
Программирование. Введение в профессию. Том 3. Парадигмы,Столяров Андрей Викторович,ДМК-Пресс,2 848,4 746,40
C#. Алгоритмы и структуры данных. Учебное пособие для вузов,"Тюкачев Николай Аркадиевич, Хлебостроев Виктор Григорьевич",Лань:Компьютеры и программное обеспечение,5 183,Нету старой цены,Нету скидки
"Python, например",Лейси Никола,Питер:Библиотека программиста,1 589,2 037,22
"Изучаем SQL. Генерация, выборка и обработка данных",Болье Алан,Диалектика,3 227,5 378,40
Знакомство с программированием на языке Processing,"Риас Кейси, Фрай Бен",ДМК-Пресс,1 256,2 093,40
Принятие решений и феномен неопределенности. Учебное пособие,Клименко Игорь Семенович,Лань:Компьютеры и программное обеспечение,2 277,Нету старой цены,Нету скидки
C#. Основы программирования (+CD). Учебное пособие для СПО,"Тюкачев Николай Аркадиевич, Хлебостроев Виктор Григорьевич",Лань:Компьютеры и программное обеспечение,3 345,Нету старой цены,Нету скидки
JavaScript для глубокого обучения. TensorFlow.js,Шолле Франсуа и др.,Питер:Библиотека программиста,3 545,4 545,22
Введение в язык Си++,Столяров Андрей Викторович,ДМК-Пресс,1 004,1 674,40
Оформление программного кода,Столяров Андрей Викторович,ДМК-Пресс,837,1 395,40
"Профессиональное программирование на ассемблере x64 с расширениями AVX, AVX2 и AVX-512",Куссвюрм Даниэль,ДМК-Пресс,3 016,5 026,40
Те же 10 вопросов через 20 лет. Офис и компьютер,Проскурин Сергей Павлович,Деловой двор,268,343,22
Программирование. Введение в профессию. Том 1. Азы программирования,Столяров Андрей Викторович,ДМК-Пресс,2 848,4 746,40
Имитационное моделирование процессов и систем в АПК. Учебное пособие,"Худякова Елена Викторовна, Липатов Алексей Александрович",Колос:Учебники и учебные пособия для студентов вузов,2 107,3 512,40
ВОСХОД программиста,Земцов А. Н.,Деловой двор:Хочу в СССР,955,1 224,22
JavaScript с нуля,Чиннатамби Кирупа,Питер:Библиотека программиста,1 545,1 981,22
Наглядный CSS,Сидельников Грег,Питер:Библиотека программиста,1 404,1 800,22
Основы разработки iOS-приложений на C# с помощью Xamarin. Учебное пособие для вузов,Умрихин Евгений Дмитриевич,Лань:Компьютеры и программное обеспечение,3 440,Нету старой цены,Нету скидки
Основы разработки iOS-приложений на C# с помощью Xamarin.СПО,Умрихин Евгений Дмитриевич,Лань:Компьютеры и программное обеспечение,3 279,Нету старой цены,Нету скидки
